nithya44-lt-fabrics-suit-catalog-12-pcs,suit,nithya44,jpg,LT Nithya 44
majestic-beauty-lt-fabrics-suit-catalog-8-pcs,suit,majesticbeauty,jpg,LT Majestic Beauty
eliana-suit-catalog-12-pcs,suit,eliana,jpg,Eliana
alvira-suit-catalog-10-pcs,suit,alvira,jpg,Alvira
celebrity-suit-catalog-8-pcs,suit,celebrity,jpg,Celebrity
yuvraj-suit-catalog-12-pcs,suit,yuvraj,jpg,Yuvraj
elegant-suit-catalog-12-pcs,suit,elegant,jpg,Elegant
bunny-thunny-suit-catalog-12-pcs,suit,bunnythunny,jpg,Bunny Thunny
zaraa-catalog-11-pcs,suit,zaraa,jpg,Zaraa
savera-vol3-catalog-11-pcs,suit,savera3,jpg,Savera Vol 3
sushmita-catalog-12-pcs,suit,sushmita,jpg,Sushmita
ramzaan-catalog-13-pcs,suit,ramzaan,jpg,Ramzaan
sakshi-catalog-9-pcs,suit,sakshi,jpg,Sakshi
madhubala-catalog-12-pcs,suit,madhubala,jpg,Madhubala
fiona-catalog-9-pcs,suit,fiona,jpg,Fiona
queen-catalog-7-pcs,suit,queen,jpg,Queen
antravol2-catalog-16-pcs,suit,antravol2,jpg,Antra Vol 2
