majesticbeauty,majesticbeauty (1),jpg
majesticbeauty,majesticbeauty (2),jpg
majesticbeauty,majesticbeauty (3),jpg
majesticbeauty,majesticbeauty (4),jpg
majesticbeauty,majesticbeauty (5),jpg
majesticbeauty,majesticbeauty (6),jpg
majesticbeauty,majesticbeauty (7),jpg
majesticbeauty,majesticbeauty (8),jpg
majesticbeauty,majesticbeauty (9),jpg
majesticbeauty,majesticbeauty (10),jpg
majesticbeauty,majesticbeauty (11),jpg
majesticbeauty,majesticbeauty (12),jpg
majesticbeauty,majesticbeauty (13),jpg
majesticbeauty,majesticbeauty (14),jpg
majesticbeauty,majesticbeauty (15),jpg
